chrom	pos	ref	alt
1	85267691	C	T
7	117611580	G	A
9	108896972	T	C
6	42704598	T	C
11	764400	C	T
2	166278166	A	G
15	48610800	C	T
10	97601839	G	A
19	44909171	G	A
X	10474657	C	T
19	58480401	G	A
5	132616179	G	C
18	79696067	C	T
1	155294639	G	A
12	88109071	G	C
6	49444651	G	A
2	178575665	G	T
5	140114544	C	G
16	1211086	C	A
7	2539298	G	A
13	39680042	C	T
17	10639031	T	C
8	144515333	C	T
12	114674326	C	G
12	47980536	G	A
21	46402424	C	T
7	100641220	C	T
15	67187496	G	T
4	25155051	G	T
X	77684291	G	C
7	155803439	C	A
X	153740617	C	T
19	45352529	C	G
16	77431613	T	C
3	142459045	C	A
15	44610839	C	A
1	216323626	T	C
14	104772886	G	C
6	26087536	G	C
3	193655004	C	T
11	89295221	C	A
13	48459749	A	G
9	137779715	T	C
14	23431798	A	G
16	2064256	C	T
16	3729690	C	T
12	120994229	C	G
MT	14465	G	A
5	1221213	G	A
16	1216926	G	A
5	179207690	G	A
22	28719442	A	C
2	55309005	A	C
11	108297286	G	T
17	18157155	G	A
1	236749195	C	T
6	160716678	T	C
20	36951476	G	A
17	45286698	G	A
6	35819464	G	A
11	93784708	C	G
14	50284021	T	A
1	155237401	G	A
14	95126696	T	G
11	95849877	A	T
2	21002291	G	T
7	143345763	G	C
5	112775620	A	T
12	109561061	A	C
X	153694784	G	A
10	71677278	C	T
11	64807099	C	T
2	32064158	G	C
7	76302832	G	A
2	1456075	G	A
X	48527026	G	T
1	100015339	C	T
2	188992888	G	A
5	132386973	G	A
15	82851201	T	C
X	41344044	T	G
X	22227602	T	G
20	36634550	G	A
1	23695916	T	C
X	101841576	G	T
1	184051629	C	T
2	29072380	C	T
8	143586845	T	C
7	150951767	G	T
17	65536655	G	C
17	18121137	G	A
7	105107889	G	A
5	38506049	T	A
19	55134074	T	A
19	17838323	T	C
3	49896564	G	A
4	1002267	A	G
4	121863283	T	C
6	70241446	G	A
1	11145062	C	A
7	148229681	C	T
12	96521869	C	T
1	241513714	C	T
2	233334958	C	T
14	28768501	A	T
7	103503158	C	A
X	32411811	G	A
4	1801841	C	G
17	44911787	A	G
X	41346533	A	T
17	37731787	C	T
11	66511106	A	C
14	75965707	G	C
9	127658465	C	A
21	46115918	G	T
1	209634583	C	T
9	26934999	A	G
19	41414140	G	A
1	32280201	C	T
4	145654005	G	A
8	41933350	C	T
19	13231797	A	G
11	111786393	G	A
3	180641992	C	T
3	15641969	C	T
20	438583	C	T
2	166047710	T	G
X	53382325	C	A
5	87268655	G	C
X	2266795	C	A
6	117675910	C	A
1	99993635	C	G
2	227078025	C	T
1	220018448	C	A
13	32332982	A	T
1	241502427	C	A
7	150958087	C	G
10	96215396	C	T
11	46856879	G	C
14	102016900	T	C
2	96295471	G	A
X	38352773	G	T
6	26156519	C	T
20	63439691	A	C
5	112842074	A	G
22	46350464	G	T
12	6075543	C	T
3	38603700	G	C
X	21882610	G	C
1	6148958	C	T
4	151174661	T	C
19	54180870	C	T
X	133953152	C	A
5	36986312	T	G
9	420995	C	A
6	63999140	C	A
3	48568100	C	T
7	76066287	C	T
5	177512200	G	C
1	20661427	G	T
17	1509314	C	T
2	227047474	C	A
6	129366258	T	A
3	158691150	T	C
17	68523757	T	C
8	60865417	C	T
12	57576258	G	T
19	53823890	C	T
15	67066156	T	C
16	56519734	G	A
17	58206397	C	A
19	18787650	C	T
1	161306430	C	G
X	67546568	G	A
11	57611889	T	C
18	12712718	A	C
11	694912	C	A
19	35732576	C	T
1	204160637	T	A
7	5529646	A	G
19	13073069	A	C
16	2112787	C	A
8	47890275	G	C
5	127420126	C	T
2	178600853	C	T
9	21971210	T	C
4	87612366	G	T
2	74534760	A	G
11	66532224	C	T
18	3215262	A	G
11	64808079	C	G
6	133448110	G	A
16	2326152	G	C
16	23413527	G	A
12	7201750	G	A
19	35831148	T	C
1	183567225	G	T
19	35843590	G	A
17	74953056	G	A
1	44897320	T	C
17	43093311	C	T
2	166054635	T	G
17	40029767	G	C
12	102912826	C	A
10	76047256	C	A
22	26457890	G	A
17	5515048	C	T
5	139321887	T	C
5	141580842	T	A
11	108330330	T	G
17	50187866	G	T
22	19724121	G	A
2	31580618	A	G
3	48573875	T	A
9	104804668	G	A
15	84840686	C	A
20	34290943	A	G
12	121453199	C	G
MT	13094	T	C
16	88428937	G	A
15	48427738	G	A
11	533883	G	A
5	71626668	C	T
2	178704196	G	A
X	14845227	C	T
1	119967572	G	C
5	43624121	G	A
20	10641573	C	A
16	68679791	C	T
X	154987257	A	C
18	2940697	A	G
18	23541435	T	C
10	102592732	A	C
10	92653815	A	G
12	49051640	G	C
12	102855327	T	C
16	57887915	G	A
4	17511976	C	A
8	30727800	C	G
2	169241343	G	T
8	93785265	C	T
3	136326906	A	G
4	16023324	A	G
19	11100271	G	T
12	66444717	T	C
2	86264043	T	A
14	54902371	G	A
5	90716562	G	A
5	13844931	A	G
3	41233461	C	G
17	50603137	C	T
5	90694362	G	T
2	74530381	T	G
13	51949764	A	T
X	18644526	A	G
X	71407679	T	C
18	23899422	G	T
17	10652442	C	T
12	78006615	C	A
12	32843261	G	A
16	23629831	G	A
17	7447097	C	T
X	32573767	C	T
14	104773494	G	A
9	93289326	C	T
14	29725679	A	G
10	68188980	G	T
1	150509696	C	T
1	155140220	C	T
10	75030503	G	A
11	108317650	T	C
14	24150624	C	T
2	37141554	C	T
11	36592654	G	A
9	77228211	A	G
7	74045212	C	T
17	31163192	A	T
5	177257017	G	A
16	17198274	C	T
3	33046179	G	C
19	11059615	C	T
12	57195969	C	T
2	168968425	A	G
9	135548765	A	G
11	792332	G	C
2	169014302	C	T
11	65125521	G	A
19	50409255	T	G
X	100407996	T	G
20	44306876	G	A
12	51920890	A	G
5	13735829	A	G
9	114168866	G	A
7	92001306	G	T
1	215680378	T	G
2	71665181	C	T
13	101107583	T	C
16	29814484	C	T
11	103156816	A	T
14	64802299	G	A
1	68449893	A	C
8	60822638	G	C
4	16075778	G	A
2	43888639	A	G
1	150557044	C	T
6	89938168	A	G
12	76347322	C	T
2	47803406	C	T
16	68828231	T	A
X	38408883	C	T
2	32064134	G	A
17	58207877	C	T
4	67593268	C	T
14	21327808	G	T
3	177038450	G	C
15	39967713	C	T
5	112837616	G	A
7	135630610	A	T
3	138372904	C	T
2	227059598	C	G
5	70942544	C	T
X	123465798	A	G
9	34647205	C	T
17	58695191	T	C
2	222631635	A	G
15	48301383	G	A
18	31086720	A	G
9	13168490	G	A
11	134185380	C	T
1	224393884	T	C
13	32336804	A	T
2	178587129	G	T
17	43104137	G	A
18	23901127	T	A
14	95091301	T	A
5	55941408	T	G
16	2103707	G	A
9	108862468	C	G
5	157382655	C	T
12	66463087	G	A
19	13929461	G	A
4	13381556	G	A
15	25370262	G	C
11	108267186	A	T
17	2672649	T	C
15	33841978	G	A
10	89223821	C	A
14	91321213	G	A
4	168711687	G	A
16	1351994	T	A
X	71224209	T	A
15	48488449	T	A
19	13081744	C	T
4	168711720	G	T
X	101398810	G	C
3	169093016	G	A
6	7230451	C	T
9	132329632	C	T
10	60208126	C	T
12	101766227	G	A
18	33738800	C	T
9	127673212	G	A
19	41861206	C	G
1	218436032	A	T
X	153932431	C	T
X	22133554	C	A
17	65558582	G	C
6	42964874	G	A
2	85542761	A	G
16	68808845	C	G
5	79030927	G	C
21	18352892	A	G
21	46443809	G	A
10	71813273	T	C
19	33302103	G	C
2	232300078	G	A
9	120389787	A	T
2	38666166	C	T
4	1003151	G	C
5	150374802	G	A
6	111351719	G	A
17	31230840	A	G
1	45331290	A	C
16	1453865	A	G
8	51408732	A	G
15	89776404	G	A
7	44145522	C	A
19	51354450	C	T
13	32337833	A	T
4	10021271	C	T
19	45002980	C	T
13	20384959	T	G
X	108591082	G	T
17	8081143	T	C
X	153694407	C	T
5	38493635	G	C
17	65541488	C	T
1	201386497	C	T
6	42704517	G	A
11	66850841	T	A
6	38866862	C	T
2	26232158	A	G
1	70430388	C	G
1	16048045	G	C
8	38416008	G	C
17	75758574	C	T
5	150056108	T	G
4	78479709	G	T
17	43049109	C	T
10	99721024	A	G
19	18076318	C	A
15	26772413	C	T
1	15733895	T	C
1	215648661	C	T
3	129528864	T	C
6	51772803	G	A
2	178738119	A	C
2	58226778	G	A
4	125320333	G	T
17	75727752	G	A
6	7580526	C	T
2	237371731	C	A
16	20344071	G	T
9	6554748	C	T
6	100848409	G	A
5	38523399	A	T
15	74343874	G	A
22	50527734	T	C
9	98840127	C	T
13	23335697	A	G
2	27233315	G	A
20	497746	C	T
2	39014803	A	G
16	88646114	A	T
1	183244635	G	C
1	40515584	C	A
7	150952758	G	A
2	32136876	G	C
3	171014733	T	C
16	2088613	C	T
10	86899891	G	A
13	100155093	G	T
8	47936422	A	T
11	64592878	G	A
16	84022757	G	A
17	10525449	A	C
X	108620391	G	T
4	3238970	C	T
22	37983361	A	G
13	110170735	G	A
1	150559158	G	A
18	8784569	G	C
7	44149811	T	C
2	47806785	T	G
19	35742692	G	A
12	49051679	T	C
6	152463519	T	C
11	22274559	T	A
11	110247716	A	G
15	92992945	G	T
X	53201854	C	A
11	119029260	G	T
11	61959534	G	C
6	151436192	T	C
10	121520044	T	C
9	21971037	C	A
3	81649922	C	G
X	154532267	C	A
X	19357688	C	T
16	9798369	A	T
X	38301326	A	C
14	28768076	T	A
6	79492635	C	A
16	2088034	C	G
3	123330880	G	A
21	43063018	C	A
15	72350518	C	T
16	89749730	C	T
12	114394740	C	T
6	156935567	A	G
3	184352435	A	C
X	77558687	T	C
4	39510752	A	G
19	11116997	A	T
15	74190828	T	C
14	49633344	T	C
22	20996071	C	A
2	27367797	G	A
X	108666523	G	A
14	67110261	T	G
4	1836414	G	A
10	16898995	C	A
14	50188711	G	A
19	15192020	G	A
8	118110591	G	T
3	48585689	C	T
1	1342716	G	A
2	73950732	G	A
9	95111484	C	T
8	99717221	A	T
17	11780999	C	G
5	13844990	G	C
8	6477632	G	C
11	65341020	G	A
5	72195899	C	T
17	3660306	C	G
11	66852617	C	T
12	21842441	G	A
7	150958158	G	T
1	240207464	T	A
11	68357672	G	C
11	103280414	G	A
X	18510828	G	A
12	49186605	A	G
2	201744154	C	A
12	8845245	G	T
X	153726113	C	T
7	107675051	T	C
2	71589701	G	A
7	116757625	A	T
21	34792366	G	A
3	149141103	C	T
2	71454064	C	A
17	31233079	G	T
7	93133067	T	C
15	72351131	A	G
14	102000095	T	C
1	75732877	G	A
7	2542167	G	A
19	38705066	G	A
19	11023556	G	A
19	15160199	C	T
9	92718545	G	T
14	24155442	A	G
18	60371539	A	G
X	31147538	A	G
1	236749297	A	G
7	5529331	G	C
21	46196236	G	A
16	1200469	C	T
16	9840788	G	A
9	123377304	C	T
18	45955551	T	C
7	55201217	T	G
15	25354438	A	G
22	37086347	C	T
19	45353247	G	A
2	29232431	C	A
21	45984261	C	T
3	12587581	C	G
15	48492554	A	T
11	68171078	C	T
5	60898317	G	A
1	183574480	C	T
6	166365989	C	T
2	1540639	C	T
6	148525339	G	A
8	47935859	C	T
9	37422752	T	G
12	88111232	A	C
9	133356399	C	A
2	32251453	A	C
19	19201648	G	A
2	240740366	T	C
11	36592794	T	G
10	62813726	G	A
11	2885286	G	A
7	65960973	C	T
10	79614021	C	T
21	43062344	G	T
7	70790843	C	T
22	20061663	T	C
3	149150606	C	T
10	87790365	T	C
2	21002287	G	A
11	68812593	G	C
1	173838204	C	T
13	32398170	T	C
7	82334918	C	T
15	66704091	C	T
11	26463103	C	T
13	24868679	A	G
19	11034106	A	G
6	152318232	G	T
14	95094115	C	T
17	31259130	G	T
18	6958656	G	T
9	18889673	A	G
16	53652712	A	G
2	70964543	G	C
20	31831872	A	G
X	154904493	G	C
12	52491581	C	G
12	114674498	G	A
22	19763268	G	A
1	165249614	C	G
5	73894429	A	G
7	87409403	G	A
1	94056727	G	T
11	77181563	G	T
16	88837755	G	A
14	58487073	A	T
7	117509040	G	A
12	55699955	G	A
4	103182740	C	T
1	183186373	C	G
20	35000830	G	A
10	43124886	C	T
X	53403566	C	T
16	10895778	T	A
8	54621134	C	T
15	89328999	G	A
X	7334060	A	G
19	45357556	G	A
1	22659558	C	G
9	123367337	A	G
12	21462781	T	C
1	228212335	C	G
12	102855163	G	C
17	44910629	T	A
7	100103465	G	A
1	220159439	A	C
X	32697947	G	A
9	6602156	G	T
11	20638488	C	T
2	71515712	G	C
8	143924367	G	A
1	9720925	C	T
17	41936535	G	A
19	12657096	C	G
6	121447449	C	A
8	6414956	A	G
13	20006472	C	A
17	64213962	C	T
2	240869202	C	G
13	77918125	T	G
4	108034235	A	C
17	5553569	G	C
7	94600741	G	C
9	134738168	G	C
3	129476646	G	A
X	53422549	G	A
1	102920365	C	T
20	35469974	A	G
7	107793752	G	A
3	169116459	G	A
19	852948	T	C
20	64016827	G	A
3	49132536	A	G
X	100296465	G	A
7	70764881	C	T
7	761821	C	T
4	168921740	T	C
X	108733493	G	A
1	237806303	C	G
17	75763966	G	A
9	127660022	A	G
15	48495232	A	C
5	13777309	G	A
2	165992303	T	C
3	150928139	C	A
16	31464666	T	C
9	128916188	G	A
5	1282455	C	T
2	73599530	T	C
10	79296596	C	T
X	77988641	A	T
7	107298174	T	C
X	139561904	T	A
11	17533278	A	T
15	89258703	G	T
12	101761677	G	A
11	34984730	T	C
2	27224820	C	T
17	31159008	A	C
12	47975962	C	G
5	132862408	C	T
17	50193950	C	A
19	18786096	T	G
17	61693526	G	A
11	86951233	G	A
18	23554740	T	C
13	32376732	C	T
12	32841220	A	G
19	40398603	G	A
10	70859490	G	A
7	6514529	C	T
15	88847352	C	G
X	47577521	G	A
2	169514751	C	A
19	43552084	G	A
19	54128119	G	A
21	37493102	C	T
1	237784333	G	A
16	2433074	C	G
9	35548397	C	T
11	103114235	C	T
1	237680467	T	C
15	59208788	C	A
9	37432034	T	C
7	103611812	G	C
11	1753910	G	A
16	2091520	T	A
10	104040357	C	T
5	1260509	G	A
4	102606543	G	A
3	37047662	T	A
22	29671865	G	T
19	11110697	G	A
5	115133872	G	T
12	49041986	C	T
21	44499915	G	A
1	235709139	C	G
3	49128456	A	G
X	139537048	C	T
1	15935271	C	T
18	45955251	G	C
1	158643524	G	A
11	108333966	A	T
11	71435669	G	A
16	1362048	G	T
12	85283627	A	C
17	76736877	G	C
19	40844682	T	C
5	14472322	C	G
9	21974677	C	T
20	58910770	T	G
7	4784287	C	T
19	39499469	G	A
X	120441729	C	T
8	132175473	C	A
6	10626447	G	A
19	12896357	T	C
2	189571759	T	C
5	132866947	C	T
11	68760320	T	A
5	172345947	C	G
10	27984166	C	T
2	178574512	G	A
15	48756289	G	A
12	65453726	A	G
19	3907735	C	T
6	63984605	T	A
X	32464700	C	A
17	4902011	G	C
2	32127023	G	A
11	3811260	A	G
22	37983484	T	A
1	62488982	G	A
17	31226632	C	T
16	75641600	A	G
12	2585412	G	A
19	15180085	C	G
15	84827483	G	A
1	186070694	G	A
19	38584967	G	C
9	21968006	C	A
11	93797731	G	A
2	196897199	T	C
2	85543742	A	G
12	32743380	T	C
15	48644606	C	T
16	28482102	T	G
15	89648432	G	C
11	103156555	T	C
18	46601264	C	T
7	873223	C	T
15	38322339	G	C
8	27788840	A	G
11	102114571	C	T
14	74295200	T	C
1	42766698	A	G
12	109794017	C	A
2	21009203	A	G
X	67711459	G	A
5	132588090	G	A
2	215420652	T	C
5	132589621	A	G
5	151266899	T	C
19	11100310	G	A
16	23215088	G	A
9	114168771	C	T
16	172985	T	G
11	134144995	G	T
12	49026383	G	A
4	5694458	G	C
12	120988866	G	C
3	129529074	G	T
2	178541454	C	G
13	32396968	G	A
15	72348089	G	A
7	83963200	T	C
5	157240081	A	T
11	821854	C	T
15	48430726	A	C
X	17376132	C	A
2	96268479	A	G
11	78127634	C	T
11	134177393	G	A
2	47799811	A	T
19	38455489	T	C
1	179575688	C	A
16	1507371	G	C
2	227102849	C	G
11	46299917	C	T
22	20994556	A	G
7	97854625	T	C
22	50447340	G	A
13	110173908	C	T
15	27986585	A	T
5	112842347	A	T
10	87952147	T	A
17	75730223	C	T
8	99467429	G	A
X	154433708	C	A
16	2109104	C	T
2	209793815	T	C
1	1535593	G	C
20	409958	C	T
21	46242867	A	G
9	127936674	C	G
16	47547549	G	T
15	89217102	T	C
2	161417092	A	G
6	133483046	G	A
9	128355158	T	A
2	21028014	G	A
15	51536439	A	C
2	151600526	A	C
19	11105369	T	A
19	50406467	C	T
5	119529893	G	A
14	36663083	G	T
19	39503059	T	A
12	45350737	C	T
16	89100919	C	T
12	109591266	T	G
7	96131819	A	G
14	24259778	T	A
21	45468450	A	C
3	9745006	A	C
8	99507777	G	T
6	76005376	T	C
16	83912216	A	G
5	150372168	G	T
8	9016337	C	T
1	237828390	T	C
16	1524663	C	T
X	153694711	G	C
2	178621867	T	A
12	57782806	C	T
X	37799061	C	T
8	71211170	G	A
13	48465299	C	G
3	4662211	G	T
2	64989928	C	G
6	33438868	A	G
X	154987315	A	C
2	189003010	G	A
9	128636327	A	G
14	67786113	C	A
2	227253598	G	A
11	94492780	A	G
19	4298051	G	A
1	150799239	A	G
12	8606951	G	A
15	48447995	G	C
2	29072450	C	T
15	43604750	G	A
1	9262317	C	T
9	128325784	G	A
22	37973543	G	A
8	93803609	G	C
3	10141833	T	C
9	127495982	C	T
9	370229	G	A
X	103789400	T	C
2	202464910	T	G
6	64912505	G	A
17	43093294	T	A
3	38900023	G	A
3	33014149	C	A
1	19153305	T	C
7	30912230	C	T
9	35074496	T	C
2	237345205	C	T
3	4814521	G	A
1	37616641	G	C
1	2406793	G	A
8	99817751	C	A
5	69492675	C	G
7	147395631	C	T
2	171435109	G	A
19	41982028	C	T
2	227310832	C	A
1	1790419	G	A
14	95131508	C	T
10	78024981	G	A
9	77339753	C	T
X	150645692	T	C
17	42907544	T	C
11	108254059	G	T
22	31806207	T	G
2	149579650	T	C
20	49255819	C	T
15	89333203	G	A
2	136115661	G	A
16	20348557	G	C
11	65659775	C	T
3	129437749	T	A
1	167824432	C	T
2	237340471	C	T
2	196319432	T	A
16	74740097	G	C
15	90803672	T	A
17	46713913	C	G
17	43063917	A	C
1	146020148	G	C
5	35867471	G	C
22	28695206	A	C
9	137099650	G	A
17	50189727	A	G
X	101403873	C	A
2	169487090	T	C
11	108316009	A	C
2	169270947	A	G
5	37006433	G	A
1	218347002	A	T
13	51939050	C	A
9	128582035	A	G
16	2072228	C	T
17	65535618	A	T
12	101749211	C	A
2	71553789	C	T
1	1233191	C	T
2	73449117	G	T
15	88872895	G	A
2	69844206	T	C
3	49002531	G	A
1	16048859	C	T
X	150645724	G	A
17	63837644	C	T
12	47985039	C	T
9	93289347	G	A
6	72307254	G	A
10	97601963	G	A
17	82081848	G	C
8	1771177	C	T
18	62143304	A	G
4	87845856	G	A
19	35720818	G	A
6	136846118	G	T
1	11124586	G	A
10	71615589	C	G
1	11972940	T	C
14	45189125	G	A
5	112828981	G	T
3	52406349	G	T
19	45421315	C	A
3	180648348	A	C
3	39390506	C	G
6	31666904	G	A
3	32128091	A	G
X	24073202	C	T
14	76082630	C	T
5	159323181	G	A
1	94063114	G	C
14	20447645	C	T
14	87988520	T	G
15	45098059	C	T
8	67224965	C	T
1	237700256	T	C
3	132660538	A	G
5	70942472	T	C
5	87376955	C	T
13	20064450	G	A
16	20349126	C	A
1	5952853	G	A
6	135491065	G	C
8	69621106	C	T
17	31337608	C	G
5	156508703	G	A
X	18613156	A	T
19	32862503	C	T
17	8075619	A	G
X	108655394	G	A
2	32114637	G	C
3	93906150	G	A
2	214730391	T	C
6	157207035	T	C
X	2938158	G	A
9	136418662	C	T
X	32454796	C	A
20	3471167	A	C
15	42960712	A	G
4	39244470	C	T
5	169674279	T	C
15	75400942	T	G
4	78237490	G	C
15	38324811	T	C
2	227121148	C	G
5	150056041	C	T
19	11202393	C	T
4	106336935	C	T
2	151562188	C	T
2	240786503	A	C
10	113592504	C	T
19	38473460	G	A
5	179113655	T	G
13	23331254	G	A
19	54121858	A	G
6	89951527	C	T
13	32315680	G	A
2	27447532	G	A
6	152281924	A	C
8	142917215	C	A
X	132082362	C	T
6	73004017	A	G
7	23167919	T	A
10	100750756	C	T
19	18076296	C	T
14	58488673	C	T
1	209637906	A	C
14	74292285	A	T
1	241497979	A	C
3	101225374	C	T
X	2934983	C	T
7	150951580	G	A
9	104810769	C	T
6	45422788	C	T
19	36103577	G	A
5	177251728	A	G
2	169207258	A	G
13	48380242	G	A
X	149496425	C	T
3	160319956	A	C
20	10641633	G	A
17	50197992	C	A
10	69945659	C	A
15	48446711	C	T
2	127592835	G	A
22	36289286	C	T
3	129529002	G	A
1	116393641	G	A
15	65077206	G	A
2	71551066	C	G
5	112780789	G	C
11	68933482	G	C
17	7673740	C	A
12	63802406	G	A
1	46192212	C	T
10	74843175	T	C
1	94108642	C	T
17	75731803	C	T
14	28767486	G	A
4	125449207	T	C
10	113578691	C	T
2	148469090	T	C
1	115034110	T	A
16	47587749	G	T
21	45530976	G	T
X	31178823	G	T
X	71129341	C	T
X	77684927	T	C
2	27100290	G	C
9	94603360	G	A
5	132638205	A	T
X	85958923	G	A
6	42968289	C	T
X	77688853	A	C
16	70834166	T	C
7	157367364	T	C
17	7221661	T	C
2	27218033	C	T
16	53873837	G	A
22	29673267	A	G
11	17395915	G	A
3	122282189	G	C
11	57611882	C	T
15	75392715	A	G
5	41150026	C	T
X	31836699	C	T
22	28710005	C	G
3	11025771	A	G
16	81934419	C	T
2	165377606	A	G
10	53827533	A	T
8	144326466	G	A
2	47805028	G	T
1	216327611	G	C
12	57749510	G	A
12	47985100	G	C
X	32823850	T	C
19	11113285	C	A
15	48472847	T	G
22	28711899	T	G
3	30674148	G	C
21	36756546	G	A
6	51960011	G	A
7	107701137	C	T
2	189007591	G	T
6	52083262	G	A
2	166012175	C	T
4	505710	G	C
3	398297	G	A
1	46193659	G	A
X	154896210	A	T
5	80854298	T	C
6	1611844	C	T
15	44626429	G	A
3	48566968	C	A
3	186581493	C	T
14	99175678	G	T
3	123448417	G	A
5	179794104	G	A
12	64743201	G	T
22	20994956	G	A
4	1004305	A	C
14	94383051	G	A
8	142874995	G	A
1	215888560	C	A
X	54456363	G	A
6	43046304	A	C
9	132925675	A	T
9	37430593	C	T
8	69600458	T	G
2	216416255	A	G
17	50198159	A	T
X	22212931	C	G
9	35556068	C	T
20	63444826	C	A
1	229431625	C	G
9	131072790	C	T
2	188999281	A	G
4	88043231	A	C
21	45987169	G	A
17	60663001	G	T
2	149582273	T	C
22	18925175	G	T
8	99274203	A	T
16	1968743	G	A
2	32144936	G	A
5	95503805	T	C
2	196885451	C	T
8	89955567	G	T
6	129353348	G	T
2	27446266	A	T
14	74493208	G	A
3	58430827	A	T
11	14358804	C	A
2	178715260	T	C
22	50462670	C	T
18	57674993	C	T
10	71811819	C	T
3	129584483	C	T
3	48583543	C	T
X	21606880	G	A
17	74309389	G	T
X	67546589	C	G
16	89767191	G	A
19	13212542	C	T
15	89317389	G	T
4	78540533	G	A
7	147132507	C	G
1	94031118	G	A
2	32116205	G	C
11	36593256	G	A
1	216046418	C	T
10	49470537	T	C
15	48463129	C	T
9	13158016	A	G
11	72001634	A	T
1	43443804	C	G
20	32797262	C	T
2	190294639	A	C
1	240294815	T	C
1	207473871	G	A
1	43352271	C	T
1	197434831	T	C
3	52149296	G	A
9	137878025	G	T
3	47407953	G	A
X	38401310	G	C
17	75764739	G	A
2	178770573	C	T
X	2949691	C	T
4	152346911	C	G
16	68678194	C	T
3	183072356	A	G
1	99913579	C	T
1	151408234	G	A
16	8779608	G	A
1	224190269	C	T
2	178702647	A	G
22	50715400	C	T
11	47348509	G	T
5	173233107	G	T
14	23425792	A	G
15	40414974	G	T
19	855795	G	A
X	77857395	G	A
1	197427458	T	A
10	43123663	C	G
12	120739141	A	G
9	95456325	A	G
7	44566068	G	T
2	151531888	G	T
6	85467177	C	G
17	43094788	G	T
1	6470548	G	A
17	31352243	T	G
1	92480444	C	T
2	197498822	G	T
22	23803338	C	T
2	165295824	A	T
16	2091024	G	A
X	154367505	C	T
2	227240233	G	A
11	533877	C	A
18	70166106	G	A
11	61957454	T	C
X	153796564	G	A
17	18155303	C	T
22	28694061	C	A
16	57887848	A	G
10	26742584	C	T
6	50823403	C	A
2	151494161	C	T
11	119088309	G	A
19	53882601	A	G
2	178776539	A	G
17	75779123	G	A
X	154030923	G	A
1	216086761	C	A
X	104250490	G	C
2	165992252	G	A
19	41978751	C	T
8	47800970	T	G
5	61543774	G	A
16	23417129	G	A
2	178605263	G	A
6	42721764	C	A
21	43072199	G	T
3	33016717	C	A
17	31358481	C	T
4	78407767	C	T
11	103121381	T	G
3	71052527	T	C
8	89953593	G	T
2	240767254	G	C
5	146177181	A	G
17	39201261	C	G
16	89657565	C	T
2	140514787	A	T
1	219927871	G	A
15	57273178	T	C
4	41257920	G	A
4	125317860	C	T
11	71435833	A	G
16	682406	C	T
17	43091734	C	G
11	17498251	C	A
9	4118262	C	A
9	133424452	C	T
7	5989897	C	T
5	90778864	G	T
12	13569988	G	A
20	50941063	T	C
10	70598475	G	A
4	102596292	G	A
5	13718881	C	T
16	1446135	A	G
2	73601437	G	T
2	189001466	A	G
4	41745807	T	C
2	73958144	A	G
2	210616533	C	G
6	42721836	C	T
X	48520381	G	C
15	22829476	G	C
17	60156697	C	T
18	21773707	C	T
8	38145989	G	A
6	104776820	A	C
13	32362605	A	C
1	94014692	T	C
3	100310329	A	G
2	5692878	A	G
20	63413575	C	T
3	186739207	G	A
19	8548601	T	C
14	91337996	G	T
12	23546314	A	T
12	132642823	G	A
10	95683187	G	A
1	237702075	G	A
11	65540230	C	G
1	149791298	G	A
6	44302472	C	T
17	75779140	G	A
17	80058492	A	C
17	43092733	C	G
16	2455549	G	A
10	93797428	C	T
6	110958792	G	C
9	98290576	T	C
17	43092617	C	A
7	92511579	C	T
2	27378250	C	T
9	127658406	G	A
3	4449246	C	A
15	55498203	T	C
2	47805617	G	A
5	177288825	A	C
19	36101676	C	G
5	134202025	A	C
1	27551390	G	A
17	42333728	G	A
X	38285617	G	A
16	69318825	G	A
2	178598879	A	T
17	13017081	G	A
1	40304753	G	A
20	8757165	C	T
12	110218033	T	G
2	178531504	G	A
8	133239001	G	C
5	36679819	G	A
9	100284591	A	T
X	134417222	C	G
14	64161974	C	T
15	48427679	G	T
16	88822720	G	A
16	2113162	G	C
2	71110018	G	C
14	23396307	C	T
6	157206999	G	C
19	41986127	T	C
2	74530427	G	T
10	71802993	C	G
21	46354082	C	T
22	20990537	G	C
16	2072364	G	T
16	56869719	C	A
21	31667278	A	G
22	40346631	G	T
11	6391574	G	A
X	153725898	T	G
5	37016093	C	T
8	31157531	G	C
10	87960908	C	T
4	177433348	C	T
9	128691970	T	G
1	155235777	T	C
1	173856695	C	T
20	32784778	C	T
19	48297258	C	A
2	238333781	C	T
11	61955898	T	C
15	43604681	C	A
6	135442676	A	G
15	40165186	C	T
19	48398755	G	C
5	138824694	G	A
1	241504040	A	T
6	64822791	G	T
1	46189273	T	G
X	108601441	G	A
2	3580840	G	A
17	44349703	C	A
X	154370873	C	T
12	52317129	A	G
9	137952306	G	A
8	60822147	T	C
X	74525834	C	T
2	178653262	T	A
7	6392006	T	C
19	47839590	C	T
11	17593645	C	T
X	36310891	C	T
11	108316115	T	G
2	43823981	C	T
16	85909182	C	T
1	243256176	G	A
6	112118937	G	C
11	18309081	T	C
X	32699117	G	A
3	10146636	G	T
X	129584360	T	G
7	44153382	G	T
1	197427718	T	A
17	74920053	G	A
1	40078603	A	C
1	115702920	C	T
22	42062881	G	A
2	55645447	C	G
14	77298688	C	A
17	46018645	A	T
18	45866786	C	G
2	29320894	G	T
17	28400658	G	C
2	196201306	C	T
2	73534883	C	T
9	2729502	G	A
8	100213610	C	G
8	89980724	T	C
9	27018665	G	T
2	31373854	A	G
2	178597677	T	C
5	112775732	G	T
15	45105642	C	T
17	68515577	G	A
1	94011395	A	G
14	21400402	T	C
19	10224487	T	C
22	38143197	G	A
5	71539265	G	A
20	62310086	C	A
9	128533611	C	T
12	88130760	T	C
5	225409	G	A
7	107694650	C	G
4	190025763	C	T
1	197421914	T	C
X	10206507	C	G
8	2090022	C	T
8	140405607	C	T
18	57547373	C	T
2	85840377	C	T
22	29655677	G	A
21	43058933	G	T
11	64898846	T	C
19	39826006	C	G
7	6015321	A	G
6	104750473	C	T
4	109746221	C	G
15	62013113	G	A
3	4417150	T	C
12	102912790	C	A
20	45950455	C	T
19	6836988	A	C
17	7673870	A	G
13	48362966	A	G
13	48463729	A	G
15	34245827	A	G
17	42794672	T	C
11	5226935	C	T
20	4883680	C	T
13	110183039	A	T
21	42376540	C	T
1	21847243	C	T
17	3483538	G	T
2	165344759	T	C
17	74864334	C	T
20	63428420	C	T
8	143930069	G	T
1	215670972	C	A
X	154987302	C	T
17	10642681	G	T
3	14146100	C	T
9	113392109	C	T
3	119399236	C	T
14	102001156	G	A
8	143923841	G	A
14	75107342	C	A
19	38466292	C	T
13	102618757	A	G
5	35857053	C	T
4	177438865	T	C
4	121848872	A	T
16	547258	G	A
11	64117137	G	A
12	47878985	G	C
2	61017828	A	C
5	132387045	G	A
5	37226302	A	G
X	32809553	C	A
6	75146264	G	C
20	54157598	A	G
2	73913566	G	A
1	119421808	G	A
18	31326873	G	A
5	61332818	C	T
19	55165427	G	A
9	34372719	C	T
7	50499244	T	A
22	29048432	G	A
X	46837202	G	A
2	111929428	C	T
10	102837063	A	G
1	1789124	C	G
7	116758573	T	A
12	52492796	G	T
17	37731702	A	G
13	48347824	G	T
1	216000490	C	T
9	97697260	C	T
6	148533226	G	A
19	11106637	A	G
1	225937471	C	T
17	35107051	T	A
17	31343136	G	C
1	150491112	A	G
3	37004397	T	A
5	157241663	C	T
14	105529331	G	A
X	154465227	C	T
8	118110083	A	T
19	49525517	C	T
8	31067082	T	A
1	201043319	A	G
16	46671858	C	T
1	215813799	G	A
12	49031762	G	A
17	50201481	G	C
6	87256968	G	A
20	45896981	C	T
20	35494659	T	C
9	130874863	C	T
15	65650550	G	T
6	135448416	G	C
12	122474106	T	C
2	63153481	T	G
2	120955342	C	T
14	36663301	C	T
19	12665743	G	T
17	31338140	G	A
2	5692971	G	A
12	88126342	T	A
10	43114547	G	A
2	165315573	A	T
6	75870645	A	G
9	133440478	G	A
X	153906357	G	A
12	51770620	C	T
16	23630046	A	C
X	153688811	C	G
2	178548749	C	T
1	23868072	C	T
1	45328161	T	C
17	80112892	C	A
10	5911005	G	A
6	49606895	C	G
16	31182606	C	T
15	34342063	G	A
7	156789347	G	A
16	89146058	G	T
15	89320958	T	C
8	2942608	T	C
2	37062020	G	A
X	153693368	T	C
1	15443526	G	A
15	89300299	G	C
3	189986551	T	C
18	49332008	T	C
9	136517850	C	T
16	23630090	G	A
15	100262351	C	A
17	31352401	T	C
14	23418313	C	T
2	188997163	A	G
1	74369520	G	A
12	80219805	C	G
10	96227402	G	A
19	35030823	G	A
20	63445365	C	T
18	44952357	A	G
10	103139466	G	A
6	85513873	A	T
3	41236469	G	T
22	30626648	C	T
2	189079074	T	A
X	101354688	G	C
22	38143162	G	C
16	23534897	C	A
1	102970217	A	G
8	6431523	T	C
9	128604364	C	T
3	48570255	G	A
17	45962477	G	A
2	171473981	T	G
3	47409221	G	A
9	127495400	C	T
17	41571524	T	C
22	20996884	A	G
4	154744400	T	A
11	103222216	A	G
2	26230296	T	C
7	117667018	C	T
4	121804756	A	G
2	240720900	T	C
1	160237145	G	A
16	56192361	C	T
2	74462276	G	A
11	71147195	C	T
16	67658157	A	G
12	2504965	A	G
17	61801466	G	A
14	81108407	T	C
16	75647650	G	A
17	10640166	T	G
22	31400695	C	T
1	75749448	T	C
2	219502038	G	A
5	37049239	C	T
3	4644282	G	A
4	15555211	G	A
17	42315161	A	C
21	45455280	C	T
19	41342215	A	G
12	6846892	G	A
5	90778558	T	A
6	135285856	C	T
2	21015265	A	G
17	39674039	A	G
3	48593621	C	T
14	75683531	T	C
21	46114057	G	T
9	127690673	T	C
16	88809715	G	A
4	102307200	G	C
13	42600814	A	G
12	131941362	G	T
19	48799666	G	A
7	21698206	C	T
19	15239374	A	G
10	86756939	G	A
2	85390821	G	A
17	44901653	G	A
17	75757246	G	A
9	77332114	G	A
15	48428482	T	C
5	90651701	A	G
2	227059486	C	A
1	237806121	C	T
1	19155051	C	T
12	4912093	C	A
8	144512940	G	A
17	17796983	A	C
4	15553294	C	T
X	101398387	C	T
5	13714540	C	T
4	41745948	G	T
11	68363801	G	A
15	74897217	G	T
7	82953640	A	G
6	80203222	T	C
14	104701595	T	G
9	21974737	G	A
1	197357129	G	A
11	67519948	G	T
15	48505096	T	A
X	78015812	G	T
17	4955004	A	G
7	94421037	G	A
2	29531995	A	G
9	108918837	T	C
4	54727813	C	A
2	15190405	T	C
20	63662647	C	T
8	144416634	C	T
17	11962079	C	T
15	51218540	C	G
15	66704028	C	T
19	2434468	G	A
X	120441810	G	C
11	65661800	G	A
10	43119565	C	A
6	133382452	A	G
19	16951979	G	T
X	153905759	G	A
12	109573394	A	T
11	113690699	A	C
12	6600342	A	G
6	112068199	T	C
2	241190072	G	T
14	64801295	G	A
11	61959525	G	A
1	244843041	G	T
X	149490379	A	T
9	372176	C	G
22	32043383	C	T
16	28887500	C	T
13	108211333	A	G
17	31357091	G	A
20	6079484	C	T
2	189068770	T	A
5	33989123	A	G
12	39358326	A	G
1	1049711	C	T
16	89746696	A	G
14	21328463	C	T
18	53207746	G	C
9	114167876	C	T
6	79518894	T	C
1	43338090	G	T
9	6620263	T	A
6	72182593	G	A
X	100408342	T	A
2	96276970	C	A
2	178593019	A	T
3	48589325	A	C
16	2288245	G	A
2	1809169	T	C
15	41873544	C	T
6	52076295	A	C
6	63984501	G	A
5	36219679	C	T
2	26516509	G	A
5	132378415	T	C
16	88856876	A	G
17	75842843	C	T
5	38485818	C	T
9	108926598	G	A
7	131509604	G	A
1	11791277	C	T
X	100402767	C	A
1	12002012	A	G
12	12162290	G	A
10	6019919	G	A
1	152310318	G	A
18	49929556	C	G
2	174571713	T	C
4	113354333	G	A
20	46122644	A	G
6	156829096	A	G
14	102001558	T	C
2	188991697	G	A
1	226965429	T	C
10	87933252	G	A
6	37638219	G	A
1	152307855	G	C
17	18122376	G	A
17	18120244	C	T
2	241767734	T	C
17	43074523	T	G
10	122336534	A	G
11	61955744	C	A
15	52354021	C	A
15	89326594	G	A
20	33745375	G	T
14	67752347	G	A
1	8361203	G	C
9	128218749	G	C
16	31111351	C	T
X	25007212	G	A
11	22259743	T	G
11	64804796	T	A
6	31589943	C	T
7	108030927	C	T
1	151683362	G	C
20	62352008	G	A
14	91291033	G	T
16	84042038	A	G
17	50573101	C	T
5	179617615	A	T
9	13138158	A	G
4	69734207	A	C
6	152331902	T	C
3	38604827	T	G
17	7221966	G	C
11	5226615	G	A
2	189007544	T	C
2	209777573	C	G
15	26621447	T	C
16	1457677	C	T
1	160339963	G	A
16	3781308	T	C
1	216217552	T	C
2	166037931	G	T
13	31789201	T	C
2	178564352	A	G
14	92006164	C	T
20	63695659	C	T
17	7797426	C	T
9	128636291	G	A
16	23641152	G	A
19	8521342	C	G
5	1074445	A	C
1	176864350	C	G
14	64218424	G	A
10	77981521	C	T
3	10122624	G	A
1	23068634	C	G
8	102651465	G	A
1	241502526	C	G
5	37183086	G	A
X	44873721	C	T
17	80099341	G	A
11	9808147	A	C
16	4801272	G	A
17	3659927	G	A
7	140787596	T	C
6	109481898	C	T
21	43422035	A	T
2	31342494	C	T
9	108906486	C	T
11	107556890	C	G
X	74743293	T	A
18	46593714	A	G
5	169716257	G	A
9	34483447	G	C
X	154365128	G	A
13	23886384	G	A
2	144389854	C	T
8	50536761	A	G
13	32337955	T	A
1	11108328	A	C
5	132370085	C	A
5	90712359	G	A
12	47985588	C	G
5	13769601	A	T
12	132675490	G	T
16	15757842	C	T
12	49297443	C	G
X	85963798	G	C
16	1207764	G	A
1	12293514	T	C
12	55721908	T	G
17	37731814	G	C
15	89260711	A	G
13	32370957	G	A
X	18609463	A	C
1	197139765	G	C
12	8863813	C	T
19	13298642	G	A
2	73450955	C	T
3	10078073	T	C
2	32064247	G	C
14	102016462	G	A
11	112089011	G	A
4	36290715	C	A
X	50081849	T	C
7	114692228	G	A
1	99915387	A	T
17	47302786	C	T
22	28719453	G	A
18	12356693	C	T
11	66566520	A	G
17	31336924	A	G
15	48421677	T	G
2	188997192	G	A
12	120979053	G	A
8	86575026	A	G
12	88083164	C	A
11	124923807	C	T
5	138399908	A	T
17	58216687	C	T
4	185523465	T	C
20	10407615	C	T
4	3493438	A	G
22	31802755	C	G
8	143936967	C	T
17	31340630	T	C
2	3401856	C	G
4	88019464	G	A
22	40346636	G	A
11	77199562	C	T
2	166038036	C	T
11	95862325	G	A
19	13283363	C	T
16	10906978	C	T
1	11144765	G	T
2	178552000	T	C
1	68431367	A	T
16	2043670	C	A
X	49253110	G	A
1	150511508	C	T
2	166009700	G	A
3	93973747	C	G
11	117437114	C	T
1	241508641	T	G
14	102425311	C	T
19	18933049	G	T
1	45332825	G	A
2	165998036	A	G
4	5615421	C	T
12	13571919	C	T
13	27623107	C	T
17	80118746	C	T
5	119529998	G	A
13	100262818	A	G
2	240870709	G	A
9	128585940	A	G
3	52149391	T	A
19	1226632	C	T
2	227304017	A	C
14	66922905	A	G
10	120874187	T	G
11	35306121	A	G
15	28142230	T	G
10	102627186	C	T
17	43115728	G	C
1	55043989	T	A
10	102617404	C	G
21	46398265	C	T
10	87864514	A	T
1	216084721	T	C
11	17394379	C	T
12	48140824	C	T
19	38466407	T	A
13	50945445	G	A
X	18908912	C	T
11	5227020	A	T
17	42404497	T	C
2	165314030	A	G
16	84101718	G	T
16	79211893	A	G
2	240874014	T	G
14	64268918	C	A
16	57661978	C	T
3	38701840	C	T
2	70958093	T	C
22	33564951	G	C
12	49051460	C	T
6	158986426	C	A
X	154532998	G	A
18	35097455	A	G
13	32394723	T	A
15	91000573	C	A
11	62581550	G	A
X	47186557	A	C
9	35077249	A	G
2	27447902	C	T
17	31352308	C	A
1	10348693	G	C
2	166002732	C	A
5	179129931	C	T
20	63694940	C	G
9	91724216	G	A
1	215934615	C	A
1	22086451	A	C
19	41982107	C	T
9	35065358	C	T
15	44622308	C	A
1	63404554	T	C
6	107929465	C	T
7	100817187	C	A
8	99111181	G	T
7	44146577	A	T
7	5370794	G	C
1	56674397	A	G
17	7224408	G	T
7	94400179	C	T
13	24904047	G	A
17	70175528	C	T
9	34497195	T	C
13	110167250	G	A
2	43819991	G	A
9	13150705	A	G
6	129353347	G	A
17	31229124	T	G
X	21432681	C	T
1	173825659	C	T
6	129154574	T	A
19	7529173	C	T
10	43105172	G	C
7	47882200	C	A
1	229431514	G	C
11	47339317	C	T
1	35893730	T	G
9	128247919	C	G
X	22245411	T	G
19	11236792	C	T
9	34490465	C	T
14	21400054	G	A
4	127921647	G	A
12	110136775	G	C
14	67729387	G	A
9	132330431	T	G
2	32127018	T	A
3	150972449	T	A
X	18647206	T	G
8	24955680	C	T
12	21809973	T	G
8	6444826	G	A
19	17839476	C	A
1	99879922	G	C
5	37177717	T	C
1	215675035	A	G
17	70175308	T	G
1	94506650	C	G
18	23573567	G	C
1	154429320	C	T
20	3604274	C	T
4	6301084	C	A
21	46442587	T	A
1	215844294	C	A
14	64793614	C	T
12	49032044	G	A
18	55461018	C	T
10	86718078	C	T
2	178573934	A	G
3	151409244	G	A
2	214792337	A	G
4	169507094	T	C
16	88429858	C	T
12	47978659	C	T
22	31819131	G	T
7	44694567	T	C
